Title,Price,Rating,Price_Category
A Light in the Attic,51.77,3,Expensive
Tipping the Velvet,53.74,1,Expensive
Soumission,50.1,1,Expensive
Sharp Objects,47.82,4,Expensive
Sapiens: A Brief History of Humankind,54.23,5,Expensive
The Requiem Red,22.65,1,Medium
The Dirty Little Secrets of Getting Your Dream Job,33.34,4,Medium
"The Coming Woman: A Novel Based on the Life of the Infamous Feminist, Victoria Woodhull",17.93,3,Cheap
The Boys in the Boat: Nine Americans and Their Epic Quest for Gold at the 1936 Berlin Olympics,22.6,4,Medium
The Black Maria,52.15,1,Expensive
"Starving Hearts (Triangular Trade Trilogy, #1)",13.99,2,Cheap
Shakespeare's Sonnets,20.66,4,Medium
Set Me Free,17.46,5,Cheap
Scott Pilgrim's Precious Little Life (Scott Pilgrim #1),52.29,5,Expensive
Rip it Up and Start Again,35.02,5,Medium
"Our Band Could Be Your Life: Scenes from the American Indie Underground, 1981-1991",57.25,3,Expensive
Olio,23.88,1,Medium
Mesaerion: The Best Science Fiction Stories 1800-1849,37.59,1,Medium
Libertarianism for Beginners,51.33,2,Expensive
It's Only the Himalayas,45.17,2,Expensive
In Her Wake,12.84,1,Cheap
How Music Works,37.32,2,Medium
"Foolproof Preserving: A Guide to Small Batch Jams, Jellies, Pickles, Condiments, and More: A Foolproof Guide to Making Small Batch Jams, Jellies, Pickles, Condiments, and More",30.52,3,Medium
Chase Me (Paris Nights #2),25.27,5,Medium
Black Dust,34.53,5,Medium
Birdsong: A Story in Pictures,54.64,3,Expensive
America's Cradle of Quarterbacks: Western Pennsylvania's Football Factory from Johnny Unitas to Joe Montana,22.5,3,Medium
Aladdin and His Wonderful Lamp,53.13,3,Expensive
Worlds Elsewhere: Journeys Around Shakespeareâs Globe,40.3,5,Expensive
Wall and Piece,44.18,4,Expensive
The Four Agreements: A Practical Guide to Personal Freedom,17.66,5,Cheap
The Five Love Languages: How to Express Heartfelt Commitment to Your Mate,31.05,3,Medium
The Elephant Tree,23.82,5,Medium
The Bear and the Piano,36.89,1,Medium
Sophie's World,15.94,5,Cheap
Penny Maybe,33.29,3,Medium
Maude (1883-1993):She Grew Up with the country,18.02,2,Cheap
"In a Dark, Dark Wood",19.63,1,Cheap
Behind Closed Doors,52.22,4,Expensive
You can't bury them all: Poems,33.63,2,Medium
Slow States of Collapse: Poems,57.31,3,Expensive
Reasons to Stay Alive,26.41,2,Medium
Private Paris (Private #10),47.61,5,Expensive
#HigherSelfie: Wake Up Your Life. Free Your Soul. Find Your Tribe.,23.11,5,Medium
Without Borders (Wanderlove #1),45.07,2,Expensive
When We Collided,31.77,1,Medium
"We Love You, Charlie Freeman",50.27,5,Expensive
Untitled Collection: Sabbath Poems 2014,14.27,4,Cheap
"Unseen City: The Majesty of Pigeons, the Discreet Charm of Snails & Other Wonders of the Urban Wilderness",44.18,4,Expensive
Unicorn Tracks,18.78,3,Cheap
"Unbound: How Eight Technologies Made Us Human, Transformed Society, and Brought Our World to the Brink",25.52,1,Medium
Tsubasa: WoRLD CHRoNiCLE 2 (Tsubasa WoRLD CHRoNiCLE #2),16.28,1,Cheap
Throwing Rocks at the Google Bus: How Growth Became the Enemy of Prosperity,31.12,3,Medium
This One Summer,19.49,4,Cheap
Thirst,17.27,5,Cheap
The Torch Is Passed: A Harding Family Story,19.09,1,Cheap
The Secret of Dreadwillow Carse,56.13,1,Expensive
"The Pioneer Woman Cooks: Dinnertime: Comfort Classics, Freezer Food, 16-Minute Meals, and Other Delicious Ways to Solve Supper!",56.41,1,Expensive
The Past Never Ends,56.5,4,Expensive
The Natural History of Us (The Fine Art of Pretending #2),45.22,3,Expensive
The Nameless City (The Nameless City #1),38.16,4,Medium
The Murder That Never Was (Forensic Instincts #5),54.11,3,Expensive
The Most Perfect Thing: Inside (and Outside) a Bird's Egg,42.96,4,Expensive
"The Mindfulness and Acceptance Workbook for Anxiety: A Guide to Breaking Free from Anxiety, Phobias, and Worry Using Acceptance and Commitment Therapy",23.89,4,Medium
The Life-Changing Magic of Tidying Up: The Japanese Art of Decluttering and Organizing,16.77,3,Cheap
"The Inefficiency Assassin: Time Management Tactics for Working Smarter, Not Longer",20.59,5,Medium
The Gutsy Girl: Escapades for Your Life of Epic Adventure,37.13,1,Medium
The Electric Pencil: Drawings from Inside State Hospital No. 3,56.06,1,Expensive
The Death of Humanity: and the Case for Life,58.11,4,Expensive
"The Bulletproof Diet: Lose up to a Pound a Day, Reclaim Energy and Focus, Upgrade Your Life",49.05,3,Expensive
The Art Forger,40.76,3,Expensive
The Age of Genius: The Seventeenth Century and the Birth of the Modern Mind,19.73,1,Cheap
The Activist's Tao Te Ching: Ancient Advice for a Modern Revolution,32.24,5,Medium
Spark Joy: An Illustrated Master Class on the Art of Organizing and Tidying Up,41.83,4,Expensive
Soul Reader,39.58,2,Medium
Security,39.25,2,Medium
"Saga, Volume 6 (Saga (Collected Editions) #6)",25.02,3,Medium
"Saga, Volume 5 (Saga (Collected Editions) #5)",51.04,2,Expensive
Reskilling America: Learning to Labor in the Twenty-First Century,19.83,2,Cheap
"Rat Queens, Vol. 3: Demons (Rat Queens (Collected Editions) #11-15)",50.4,3,Expensive
"Princess Jellyfish 2-in-1 Omnibus, Vol. 01 (Princess Jellyfish 2-in-1 Omnibus #1)",13.61,5,Cheap
Princess Between Worlds (Wide-Awake Princess #5),13.34,5,Cheap
"Pop Gun War, Volume 1: Gift",18.97,1,Cheap
"Political Suicide: Missteps, Peccadilloes, Bad Calls, Backroom Hijinx, Sordid Pasts, Rotten Breaks, and Just Plain Dumb Mistakes in the Annals of American Politics",36.28,2,Medium
Patience,10.16,3,Cheap
"Outcast, Vol. 1: A Darkness Surrounds Him (Outcast #1)",15.44,4,Cheap
orange: The Complete Collection 1 (orange: The Complete Collection #1),48.41,1,Expensive
Online Marketing for Busy Authors: A Step-By-Step Guide,46.35,1,Expensive
On a Midnight Clear,14.07,3,Cheap
Obsidian (Lux #1),14.86,2,Cheap
My Paris Kitchen: Recipes and Stories,33.37,2,Medium
Masks and Shadows,56.4,2,Expensive
"Mama Tried: Traditional Italian Cooking for the Screwed, Crude, Vegan, and Tattooed",14.02,4,Cheap
"Lumberjanes, Vol. 2: Friendship to the Max (Lumberjanes #5-8)",46.91,2,Expensive
"Lumberjanes, Vol. 1: Beware the Kitten Holy (Lumberjanes #1-4)",45.61,3,Expensive
Lumberjanes Vol. 3: A Terrible Plan (Lumberjanes #9-12),19.92,2,Cheap
"Layered: Baking, Building, and Styling Spectacular Cakes",40.11,1,Expensive
Judo: Seven Steps to Black Belt (an Introductory Guide for Beginners),53.9,2,Expensive
Join,35.67,5,Medium
In the Country We Love: My Family Divided,22.0,4,Medium
Immunity: How Elie Metchnikoff Changed the Course of Modern Medicine,57.36,5,Expensive
"I Hate Fairyland, Vol. 1: Madly Ever After (I Hate Fairyland (Compilations) #1-5)",29.17,2,Medium
I am a Hero Omnibus Volume 1,54.63,3,Expensive
How to Be Miserable: 40 Strategies You Already Use,46.03,1,Expensive
Her Backup Boyfriend (The Sorensen Family #1),33.97,1,Medium
"Giant Days, Vol. 2 (Giant Days #5-8)",22.11,2,Medium
Forever and Forever: The Courtship of Henry Longfellow and Fanny Appleton,29.69,3,Medium
First and First (Five Boroughs #3),15.97,4,Cheap
Fifty Shades Darker (Fifty Shades #2),21.96,1,Medium
Everydata: The Misinformation Hidden in the Little Data You Consume Every Day,54.35,2,Expensive
"Don't Be a Jerk: And Other Practical Advice from Dogen, Japan's Greatest Zen Master",37.97,2,Medium
Danganronpa Volume 1,51.99,4,Expensive
Crown of Midnight (Throne of Glass #2),43.29,3,Expensive
"Codename Baboushka, Volume 1: The Conclave of Death",36.72,4,Medium
Camp Midnight,17.08,4,Cheap
Call the Nurse: True Stories of a Country Nurse on a Scottish Isle,29.14,5,Medium
Burning,28.81,3,Medium
Bossypants,49.46,2,Expensive
"Bitch Planet, Vol. 1: Extraordinary Machine (Bitch Planet (Collected Editions))",37.92,2,Medium
"Avatar: The Last Airbender: Smoke and Shadow, Part 3 (Smoke and Shadow #3)",28.09,2,Medium
Algorithms to Live By: The Computer Science of Human Decisions,30.81,1,Medium
A World of Flavor: Your Gluten Free Passport,42.95,1,Expensive
"A Piece of Sky, a Grain of Rice: A Memoir in Four Meditations",56.76,5,Expensive
A Murder in Time,16.64,1,Cheap
A Flight of Arrows (The Pathfinders #2),55.53,5,Expensive
A Fierce and Subtle Poison,28.13,4,Medium
A Court of Thorns and Roses (A Court of Thorns and Roses #1),52.37,1,Expensive
(Un)Qualified: How God Uses Broken People to Do Big Things,54.0,5,Expensive
You Are What You Love: The Spiritual Power of Habit,21.87,4,Medium
"William Shakespeare's Star Wars: Verily, A New Hope (William Shakespeare's Star Wars #4)",43.3,4,Expensive
Tuesday Nights in 1980,21.04,2,Medium
Tracing Numbers on a Train,41.6,3,Expensive
Throne of Glass (Throne of Glass #1),35.07,3,Medium
Thomas Jefferson and the Tripoli Pirates: The Forgotten War That Changed American History,59.64,1,Expensive
Thirteen Reasons Why,52.72,1,Expensive
The White Cat and the Monk: A Retelling of the Poem âPangur BÃ¡nâ,58.08,4,Expensive
The Wedding Dress,24.12,1,Medium
The Vacationers,42.15,4,Expensive
The Third Wave: An Entrepreneurâs Vision of the Future,12.61,5,Cheap
The Stranger,17.44,4,Cheap
The Shadow Hero (The Shadow Hero),33.14,1,Medium
The Secret (The Secret #1),27.37,4,Medium
The Regional Office Is Under Attack!,51.36,5,Expensive
The Psychopath Test: A Journey Through the Madness Industry,36.0,2,Medium
The Project,10.65,1,Cheap
The Power of Now: A Guide to Spiritual Enlightenment,43.54,2,Expensive
The Omnivore's Dilemma: A Natural History of Four Meals,38.21,2,Medium
The Nerdy Nummies Cookbook: Sweet Treats for the Geek in All of Us,37.34,5,Medium
The Murder of Roger Ackroyd (Hercule Poirot #4),44.1,4,Expensive
The Mistake (Off-Campus #2),43.29,3,Expensive
The Matchmaker's Playbook (Wingmen Inc. #1),55.85,1,Expensive
The Love and Lemons Cookbook: An Apple-to-Zucchini Celebration of Impromptu Cooking,37.6,2,Medium
The Long Shadow of Small Ghosts: Murder and Memory in an American City,10.97,1,Cheap
The Kite Runner,41.82,4,Expensive
The House by the Lake,36.95,1,Medium
The Glittering Court (The Glittering Court #1),44.28,1,Expensive
The Girl on the Train,55.02,2,Expensive
The Genius of Birds,17.24,1,Cheap
The Emerald Mystery,23.15,2,Medium
The Cookies & Cups Cookbook: 125+ sweet & savory recipes reminding you to Always Eat Dessert First,41.25,1,Expensive
The Bridge to Consciousness: I'm Writing the Bridge Between Science and Our Old and New Beliefs.,32.0,3,Medium
The Artist's Way: A Spiritual Path to Higher Creativity,38.49,5,Medium
The Art of War,33.34,5,Medium
The Argonauts,10.93,2,Cheap
The 10% Entrepreneur: Live Your Startup Dream Without Quitting Your Day Job,27.55,3,Medium
Suddenly in Love (Lake Haven #1),55.99,2,Expensive
Something More Than This,16.24,4,Cheap
Soft Apocalypse,26.12,2,Medium
So You've Been Publicly Shamed,12.23,2,Cheap
Shoe Dog: A Memoir by the Creator of NIKE,23.99,2,Medium
"Shobu Samurai, Project Aryoku (#3)",29.06,3,Medium
Secrets and Lace (Fatal Hearts #1),20.27,1,Medium
Scarlett Epstein Hates It Here,43.55,5,Expensive
Romero and Juliet: A Tragic Tale of Love and Zombies,36.94,1,Medium
Redeeming Love,20.47,5,Medium
Poses for Artists Volume 1 - Dynamic and Sitting Poses: An Essential Reference for Figure Drawing and the Human Form,41.06,1,Expensive
Poems That Make Grown Women Cry,14.19,4,Cheap
"Nightingale, Sing",38.28,1,Medium
Night Sky with Exit Wounds,41.05,1,Expensive
Mrs. Houdini,30.25,5,Medium
Modern Romance,28.26,5,Medium
Miss Peregrineâs Home for Peculiar Children (Miss Peregrineâs Peculiar Children #1),10.76,1,Cheap
Louisa: The Extraordinary Life of Mrs. Adams,16.85,2,Cheap
Little Red,13.47,3,Cheap
Library of Souls (Miss Peregrineâs Peculiar Children #3),48.56,5,Expensive
Large Print Heart of the Pride,19.15,2,Cheap
I Had a Nice Time And Other Lies...: How to find love & sh*t like that,57.36,4,Expensive
Hollow City (Miss Peregrineâs Peculiar Children #2),42.98,1,Expensive
Grumbles,22.16,2,Medium
Full Moon over Noahâs Ark: An Odyssey to Mount Ararat and Beyond,49.43,4,Expensive
Frostbite (Vampire Academy #2),29.99,5,Medium
Follow You Home,21.36,1,Medium
First Steps for New Christians (Print Edition),29.0,1,Medium
Finders Keepers (Bill Hodges Trilogy #2),53.53,5,Expensive
"Fables, Vol. 1: Legends in Exile (Fables #1)",41.62,4,Expensive
Eureka Trivia 6.0,54.59,4,Expensive
Drive: The Surprising Truth About What Motivates Us,34.95,4,Medium
Done Rubbed Out (Reightman & Bailey #1),37.72,5,Medium
Doing It Over (Most Likely To #1),35.61,3,Medium
"Deliciously Ella Every Day: Quick and Easy Recipes for Gluten-Free Snacks, Packed Lunches, and Simple Meals",42.16,3,Expensive
Dark Notes,19.19,5,Cheap
"Daring Greatly: How the Courage to Be Vulnerable Transforms the Way We Live, Love, Parent, and Lead",19.43,3,Cheap
Close to You,49.46,4,Expensive
Chasing Heaven: What Dying Taught Me About Living,37.8,2,Medium
Big Magic: Creative Living Beyond Fear,30.8,3,Medium
Becoming Wise: An Inquiry into the Mystery and Art of Living,27.43,2,Medium
Beauty Restored (Riley Family Legacy Novellas #3),11.11,2,Cheap
Batman: The Long Halloween (Batman),36.5,2,Medium
Batman: The Dark Knight Returns (Batman),15.38,5,Cheap
Ayumi's Violin,15.48,2,Cheap
Anonymous,46.82,4,Expensive
Amy Meets the Saints and Sages,18.46,3,Cheap
Amid the Chaos,36.58,1,Medium
Amatus,50.54,5,Expensive
Agnostic: A Spirited Manifesto,12.51,5,Cheap
Zealot: The Life and Times of Jesus of Nazareth,24.7,3,Medium
You (You #1),43.61,5,Expensive
"Wonder Woman: Earth One, Volume One (Wonder Woman: Earth One #1)",37.34,4,Medium
Wild Swans,14.36,2,Cheap
Why the Right Went Wrong: Conservatism--From Goldwater to the Tea Party and Beyond,52.65,4,Expensive
Whole Lotta Creativity Going On: 60 Fun and Unusual Exercises to Awaken and Strengthen Your Creativity,38.2,4,Medium
What's It Like in Space?: Stories from Astronauts Who've Been There,19.6,2,Cheap
"We Are Robin, Vol. 1: The Vigilante Business (We Are Robin #1)",53.9,1,Expensive
Walt Disney's Alice in Wonderland,12.96,5,Cheap
V for Vendetta (V for Vendetta Complete),37.1,4,Medium
Until Friday Night (The Field Party #1),46.31,2,Expensive
"Unbroken: A World War II Story of Survival, Resilience, and Redemption",45.95,2,Expensive
Twenty Yawns,22.08,2,Medium
Through the Woods,25.38,2,Medium
This Is Where It Ends,27.12,2,Medium
The Year of Magical Thinking,43.04,2,Expensive
The Wright Brothers,56.8,4,Expensive
The White Queen (The Cousins' War #1),25.91,5,Medium
The Wedding Pact (The O'Malleys #2),32.61,3,Medium
The Time Keeper,27.88,5,Medium
The Testament of Mary,52.67,4,Expensive
The Star-Touched Queen,46.02,5,Expensive
The Songs of the Gods,44.48,5,Expensive
The Song of Achilles,37.4,5,Medium
The Rosie Project (Don Tillman #1),54.04,1,Expensive
The Power of Habit: Why We Do What We Do in Life and Business,16.88,3,Cheap
The Marriage of Opposites,28.08,4,Medium
The Lucifer Effect: Understanding How Good People Turn Evil,10.4,1,Cheap
The Long Haul (Diary of a Wimpy Kid #9),44.07,1,Expensive
The Loney,23.4,1,Medium
The Literature Book (Big Ideas Simply Explained),17.43,3,Cheap
The Last Mile (Amos Decker #2),54.21,2,Expensive
The Immortal Life of Henrietta Lacks,40.67,2,Expensive
The Hidden Oracle (The Trials of Apollo #1),52.26,2,Expensive
The Help Yourself Cookbook for Kids: 60 Easy Plant-Based Recipes Kids Can Make to Stay Healthy and Save the Earth,28.77,3,Medium
The Guilty (Will Robie #4),13.82,2,Cheap
The First Hostage (J.B. Collins #2),25.85,3,Medium
The Dovekeepers,48.78,1,Expensive
The Darkest Lie,35.35,5,Medium
The Bane Chronicles (The Bane Chronicles #1-11),44.73,4,Expensive
The Bad-Ass Librarians of Timbuktu: And Their Race to Save the Worldâs Most Precious Manuscripts,15.77,1,Cheap
The 14th Colony (Cotton Malone #11),39.24,1,Medium
That Darkness (Gardiner and Renner #1),13.92,1,Cheap
Tastes Like Fear (DI Marnie Rome #3),10.69,1,Cheap
Take Me with You,45.21,3,Expensive
Swell: A Year of Waves,45.58,1,Expensive
Superman Vol. 1: Before Truth (Superman by Gene Luen Yang #1),11.89,5,Cheap
Still Life with Bread Crumbs,26.41,3,Medium
Steve Jobs,39.5,5,Medium
Sorting the Beef from the Bull: The Science of Food Fraud Forensics,44.74,4,Expensive
Someone Like You (The Harrisons #2),52.79,5,Expensive
"So Cute It Hurts!!, Vol. 6 (So Cute It Hurts!! #6)",35.43,4,Medium
Shtum,55.84,4,Expensive
See America: A Celebration of Our National Parks & Treasured Sites,48.87,3,Expensive
salt.,46.78,4,Expensive
Robin War,47.82,3,Expensive
"Red Hood/Arsenal, Vol. 1: Open for Business (Red Hood/Arsenal #1)",25.48,2,Medium
Rain Fish,23.57,3,Medium
"Quarter Life Poetry: Poems for the Young, Broke and Hangry",50.89,5,Expensive
Pet Sematary,10.56,3,Cheap
"Overload: How to Unplug, Unwind, and Unleash Yourself from the Pressure of Stress",52.15,3,Expensive
Once Was a Time,18.28,2,Cheap
Old School (Diary of a Wimpy Kid #10),11.83,5,Cheap
No Dream Is Too High: Life Lessons From a Man Who Walked on the Moon,21.95,2,Medium
"Naruto (3-in-1 Edition), Vol. 14: Includes Vols. 40, 41 & 42 (Naruto: Omnibus #14)",38.39,2,Medium
My Name Is Lucy Barton,41.56,1,Expensive
My Mrs. Brown,24.48,3,Medium
My Kind of Crazy,40.36,1,Expensive
Mr. Mercedes (Bill Hodges Trilogy #1),28.9,1,Medium
More Than Music (Chasing the Dream #1),37.61,2,Medium
Made to Stick: Why Some Ideas Survive and Others Die,38.85,5,Medium
Luis Paints the World,53.95,3,Expensive
Luckiest Girl Alive,49.83,3,Expensive
Lowriders to the Center of the Earth (Lowriders in Space #2),51.51,2,Expensive
Love Is a Mix Tape (Music #1),18.03,1,Cheap
Looking for Lovely: Collecting the Moments that Matter,29.14,5,Medium
"Living Leadership by Insight: A Good Leader Achieves, a Great Leader Builds Monuments",46.91,4,Expensive
Let It Out: A Journey Through Journaling,26.79,5,Medium
Lady Midnight (The Dark Artifices #1),16.28,5,Cheap
"It's All Easy: Healthy, Delicious Weeknight Meals in under 30 Minutes",19.55,1,Cheap
Island of Dragons (Unwanteds #7),29.65,1,Medium
I Know What I'm Doing -- and Other Lies I Tell Myself: Dispatches from a Life Under Construction,25.98,4,Medium
I Am Pilgrim (Pilgrim #1),10.6,4,Cheap
"Hyperbole and a Half: Unfortunate Situations, Flawed Coping Mechanisms, Mayhem, and Other Things That Happened",14.75,5,Cheap
"Hush, Hush (Hush, Hush #1)",47.02,3,Expensive
Hold Your Breath (Search and Rescue #1),28.82,1,Medium
Hamilton: The Revolution,58.79,3,Expensive
Greek Mythic History,10.23,5,Cheap
God: The Most Unpleasant Character in All Fiction,30.03,5,Medium
Glory over Everything: Beyond The Kitchen House,45.84,3,Expensive
Feathers: Displays of Brilliant Plumage,49.05,3,Expensive
"Far & Away: Places on the Brink of Change: Seven Continents, Twenty-Five Years",15.06,4,Cheap
Every Last Word,46.47,3,Expensive
Eligible (The Austen Project #4),27.09,3,Medium
El Deafo,57.62,5,Expensive
Eight Hundred Grapes,14.39,4,Cheap
"Eaternity: More than 150 Deliciously Easy Vegan Recipes for a Long, Healthy, Satisfied, Joyful Life",51.75,5,Expensive
"Eat Fat, Get Thin",54.07,2,Expensive
Don't Get Caught,55.35,1,Expensive
Doctor Sleep (The Shining #2),40.12,2,Expensive
Demigods & Magicians: Percy and Annabeth Meet the Kanes (Percy Jackson & Kane Chronicles Crossover #1-3),37.51,5,Medium
Dear Mr. Knightley,11.21,5,Cheap
Daily Fantasy Sports,36.58,1,Medium
Crazy Love: Overwhelmed by a Relentless God,47.72,2,Expensive
Cometh the Hour (The Clifton Chronicles #6),25.01,3,Medium
Code Name Verity (Code Name Verity #1),22.13,4,Medium
Clockwork Angel (The Infernal Devices #1),44.14,1,Expensive
City of Glass (The Mortal Instruments #3),56.02,4,Expensive
City of Fallen Angels (The Mortal Instruments #4),11.23,4,Cheap
City of Bones (The Mortal Instruments #1),43.28,1,Expensive
City of Ashes (The Mortal Instruments #2),47.27,1,Expensive
Cell,20.29,4,Medium
Catching Jordan (Hundred Oaks),50.83,3,Expensive
"Carry On, Warrior: Thoughts on Life Unarmed",31.85,3,Medium
Carrie,46.23,2,Expensive
Buying In: The Secret Dialogue Between What We Buy and Who We Are,37.8,4,Medium
Brain on Fire: My Month of Madness,49.32,5,Expensive
Batman: Europa,32.01,2,Medium
Barefoot Contessa Back to Basics,28.01,1,Medium
Barefoot Contessa at Home: Everyday Recipes You'll Make Over and Over Again,50.62,5,Expensive
Balloon Animals,17.03,3,Cheap
Art Ops Vol. 1,48.8,3,Expensive
Aristotle and Dante Discover the Secrets of the Universe (Aristotle and Dante Discover the Secrets of the Universe #1),58.14,4,Expensive
Angels Walking (Angels Walking #1),34.2,2,Medium
Angels & Demons (Robert Langdon #1),51.48,3,Expensive
All the Light We Cannot See,29.87,5,Medium
"Adulthood Is a Myth: A ""Sarah's Scribbles"" Collection",10.9,2,Cheap
Abstract City,56.37,5,Expensive
A Time of Torment (Charlie Parker #14),48.35,5,Expensive
A Study in Scarlet (Sherlock Holmes #1),16.73,2,Cheap
"A Series of Catastrophes and Miracles: A True Story of Love, Science, and Cancer",56.48,2,Expensive
A People's History of the United States,40.79,2,Expensive
A Man Called Ove,39.72,1,Medium
A Distant Mirror: The Calamitous 14th Century,14.58,3,Cheap
A Brush of Wings (Angels Walking #3),55.51,1,Expensive
1491: New Revelations of the Americas Before Columbus,21.8,3,Medium
"The Three Searches, Meaning, and the Story",13.33,3,Cheap
Searching for Meaning in Gailana,38.73,1,Medium
Rook,37.86,4,Medium
My Kitchen Year: 136 Recipes That Saved My Life,11.53,2,Cheap
13 Hours: The Inside Account of What Really Happened In Benghazi,27.06,1,Medium
Will You Won't You Want Me?,13.86,3,Cheap
Tipping Point for Planet Earth: How Close Are We to the Edge?,37.55,1,Medium
The Star-Touched Queen,32.3,5,Medium
The Silent Sister (Riley MacPherson #1),46.29,5,Expensive
The Midnight Watch: A Novel of the Titanic and the Californian,26.2,1,Medium
The Lonely City: Adventures in the Art of Being Alone,33.26,2,Medium
The Gray Rhino: How to Recognize and Act on the Obvious Dangers We Ignore,59.15,4,Expensive
The Golden Condom: And Other Essays on Love Lost and Found,39.43,1,Medium
The Epidemic (The Program 0.6),14.44,5,Cheap
The Dinner Party,56.54,2,Expensive
The Diary of a Young Girl,59.9,3,Expensive
The Children,11.88,3,Cheap
Stars Above (The Lunar Chronicles #4.5),48.05,2,Expensive
Snatched: How A Drug Queen Went Undercover for the DEA and Was Kidnapped By Colombian Guerillas,21.21,3,Medium
Raspberry Pi Electronics Projects for the Evil Genius,49.67,4,Expensive
Quench Your Own Thirst: Business Lessons Learned Over a Beer or Two,43.14,1,Expensive
Psycho: Sanitarium (Psycho #1.5),36.97,5,Medium
Poisonous (Max Revere Novels #3),26.8,3,Medium
One with You (Crossfire #5),15.71,4,Cheap
No Love Allowed (Dodge Cove #1),54.65,4,Expensive
Murder at the 42nd Street Library (Raymond Ambler #1),54.36,4,Expensive
Most Wanted,35.28,3,Medium
"Love, Lies and Spies",20.55,2,Medium
How to Speak Golf: An Illustrated Guide to Links Lingo,58.32,5,Expensive
Hide Away (Eve Duncan #20),11.84,1,Cheap
Furiously Happy: A Funny Book About Horrible Things,41.46,4,Expensive
Everyday Italian: 125 Simple and Delicious Recipes,20.1,5,Medium
Equal Is Unfair: America's Misguided Fight Against Income Inequality,56.86,1,Expensive
Eleanor & Park,56.51,5,Expensive
Dirty (Dive Bar #1),40.83,4,Expensive
Can You Keep a Secret? (Fear Street Relaunch #4),48.64,1,Expensive
Boar Island (Anna Pigeon #19),59.48,3,Expensive
A Paris Apartment,39.01,4,Medium
"A la Mode: 120 Recipes in 60 Pairings: Pies, Tarts, Cakes, Crisps, and More Topped with Ice Cream, Gelato, Frozen Custard, and More",38.77,1,Medium
Troublemaker: Surviving Hollywood and Scientology,48.39,2,Expensive
The Widow,27.26,2,Medium
"The Sleep Revolution: Transforming Your Life, One Night at a Time",11.68,4,Cheap
The Improbability of Love,59.45,1,Expensive
The Art of Startup Fundraising,21.0,3,Medium
Take Me Home Tonight (Rock Star Romance #3),53.98,3,Expensive
Sleeping Giants (Themis Files #1),48.74,1,Expensive
"Setting the World on Fire: The Brief, Astonishing Life of St. Catherine of Siena",21.15,2,Medium
Playing with Fire,13.71,3,Cheap
Off the Hook (Fishing for Trouble #1),47.67,3,Expensive
Mothering Sunday,13.34,2,Cheap
"Mother, Can You Not?",16.89,5,Cheap
M Train,27.18,1,Medium
Lilac Girls,17.28,2,Cheap
Lies and Other Acts of Love,45.14,1,Expensive
Lab Girl,40.85,1,Expensive
Keep Me Posted,20.46,4,Medium
It Didn't Start with You: How Inherited Family Trauma Shapes Who We Are and How to End the Cycle,56.27,3,Expensive
Grey (Fifty Shades #4),48.49,4,Expensive
"Exit, Pursued by a Bear",51.34,4,Expensive
Daredevils,16.34,3,Cheap
Cravings: Recipes for What You Want to Eat,20.5,3,Medium
Born for This: How to Find the Work You Were Meant to Do,21.59,5,Medium
Arena,21.36,4,Medium
Adultery,20.88,5,Medium
A Mother's Reckoning: Living in the Aftermath of Tragedy,19.53,3,Cheap
A Gentleman's Position (Society of Gentlemen #3),14.75,5,Cheap
11/22/63,48.48,3,Expensive
"10% Happier: How I Tamed the Voice in My Head, Reduced Stress Without Losing My Edge, and Found Self-Help That Actually Works",24.57,2,Medium
10-Day Green Smoothie Cleanse: Lose Up to 15 Pounds in 10 Days!,49.71,5,Expensive
Without Shame,48.27,5,Expensive
Watchmen,58.05,4,Expensive
Unlimited Intuition Now,58.87,4,Expensive
Underlying Notes,11.82,2,Cheap
The Shack,28.03,1,Medium
The New Brand You: Your New Image Makes the Sale for You,44.05,5,Expensive
"The Moosewood Cookbook: Recipes from Moosewood Restaurant, Ithaca, New York",12.34,4,Cheap
The Flowers Lied,16.68,2,Cheap
"The Fabric of the Cosmos: Space, Time, and the Texture of Reality",55.91,1,Expensive
The Book of Mormon,24.57,3,Medium
The Art and Science of Low Carbohydrate Living,52.98,5,Expensive
The Alien Club,54.4,1,Expensive
Suzie Snowflake: One beautiful flake (a self-esteem story),54.81,5,Expensive
Nap-a-Roo,25.08,1,Medium
"NaNo What Now? Finding your editing process, revising your NaNoWriMo book and building a writing career through publishing and beyond",10.41,4,Cheap
Modern Day Fables,47.44,2,Expensive
If I Gave You God's Phone Number....: Searching for Spirituality in America,20.91,1,Medium
"Fruits Basket, Vol. 9 (Fruits Basket #9)",33.95,4,Medium
Dress Your Family in Corduroy and Denim,43.68,3,Expensive
Don't Forget Steven,33.23,1,Medium
Chernobyl 01:23:40: The Incredible True Story of the World's Worst Nuclear Disaster,35.92,2,Medium
Art and Fear: Observations on the Perils (and Rewards) of Artmaking,48.63,4,Expensive
A Shard of Ice (The Black Symphony Saga #1),56.63,3,Expensive
A Hero's Curse (The Unseen Chronicles #1),50.49,3,Expensive
23 Degrees South: A Tropical Tale of Changing Whether...,35.79,2,Medium
"Zero to One: Notes on Startups, or How to Build the Future",34.06,3,Medium
Why Not Me?,17.76,1,Cheap
When Breath Becomes Air,39.36,2,Medium
Vagabonding: An Uncommon Guide to the Art of Long-Term World Travel,36.94,2,Medium
The Unlikely Pilgrimage of Harold Fry (Harold Fry #1),43.62,5,Expensive
The New Drawing on the Right Side of the Brain,43.02,3,Expensive
"The Midnight Assassin: Panic, Scandal, and the Hunt for America's First Serial Killer",28.45,4,Medium
The Martian (The Martian #1),41.39,2,Expensive
The High Mountains of Portugal,51.15,1,Expensive
The Grownup,35.88,1,Medium
The E-Myth Revisited: Why Most Small Businesses Don't Work and What to Do About It,36.91,1,Medium
South of Sunshine,28.93,1,Medium
Smarter Faster Better: The Secrets of Being Productive in Life and Business,38.89,5,Medium
Silence in the Dark (Logan Point #4),58.33,3,Expensive
Shadows of the Past (Logan Point #1),39.67,5,Medium
Roller Girl,14.1,5,Cheap
Rising Strong,21.82,3,Medium
Proofs of God: Classical Arguments from Tertullian to Barth,54.21,1,Expensive
Please Kill Me: The Uncensored Oral History of Punk,31.19,4,Medium
Out of Print: City Lights Spotlight No. 14,53.64,5,Expensive
My Life Next Door (My Life Next Door ),36.39,5,Medium
Miller's Valley,58.54,2,Expensive
Man's Search for Meaning,29.48,3,Medium
"Love That Boy: What Two Presidents, Eight Road Trips, and My Son Taught Me About a Parent's Expectations",25.06,2,Medium
Living Forward: A Proven Plan to Stop Drifting and Get the Life You Want,12.55,3,Cheap
Les Fleurs du Mal,29.04,5,Medium
Left Behind (Left Behind #1),40.72,2,Expensive
Kill 'Em and Leave: Searching for James Brown and the American Soul,45.05,5,Expensive
Kierkegaard: A Christian Missionary to Christians,47.13,1,Expensive
John Vassos: Industrial Design for Modern Life,20.22,4,Medium
I'll Give You the Sun,56.48,1,Expensive
I Will Find You,44.21,1,Expensive
Hystopia: A Novel,21.96,4,Medium
Howl and Other Poems,40.45,2,Expensive
History of Beauty,10.29,4,Cheap
Heaven is for Real: A Little Boy's Astounding Story of His Trip to Heaven and Back,52.86,2,Expensive
Future Shock (Future Shock #1),55.65,5,Expensive
Ender's Game (The Ender Quintet #1),43.64,1,Expensive
Diary of a Citizen Scientist: Chasing Tiger Beetles and Other New Ways of Engaging the World,28.41,1,Medium
Death by Leisure: A Cautionary Tale,37.51,4,Medium
Brilliant Beacons: A History of the American Lighthouse,11.45,3,Cheap
Brazen: The Courage to Find the You That's Been Hiding,19.22,2,Cheap
Between the World and Me,56.91,4,Expensive
Being Mortal: Medicine and What Matters in the End,55.06,4,Expensive
"A Murder Over a Girl: Justice, Gender, Junior High",13.2,3,Cheap
32 Yolks,53.63,2,Expensive
"""Most Blessed of the Patriarchs"": Thomas Jefferson and the Empire of the Imagination",44.48,5,Expensive
You Are a Badass: How to Stop Doubting Your Greatness and Start Living an Awesome Life,12.08,3,Cheap
Wildlife of New York: A Five-Borough Coloring Book,22.14,2,Medium
What Happened on Beale Street (Secrets of the South Mysteries #2),25.37,5,Medium
Unreasonable Hope: Finding Faith in the God Who Brings Purpose to Your Pain,46.33,2,Expensive
Under the Tuscan Sun,37.33,3,Medium
Toddlers Are A**holes: It's Not Your Fault,25.55,1,Medium
The Year of Living Biblically: One Man's Humble Quest to Follow the Bible as Literally as Possible,34.72,1,Medium
The Whale,35.96,4,Medium
The Story of Art,41.14,4,Expensive
The Origin of Species,10.01,4,Cheap
The Great Gatsby,36.05,4,Medium
The Good Girl,49.03,3,Expensive
The Glass Castle,16.24,1,Cheap
The Faith of Christopher Hitchens: The Restless Soul of the World's Most Notorious Atheist,39.55,1,Medium
The Drowning Girls,35.67,3,Medium
The Constant Princess (The Tudor Court #1),16.62,3,Cheap
The Bourne Identity (Jason Bourne #1),42.78,4,Expensive
The Bachelor Girl's Guide to Murder (Herringford and Watts Mysteries #1),52.3,5,Expensive
The Art Book,32.34,2,Medium
The 7 Habits of Highly Effective People: Powerful Lessons in Personal Change,33.17,4,Medium
Team of Rivals: The Political Genius of Abraham Lincoln,20.12,5,Medium
Steal Like an Artist: 10 Things Nobody Told You About Being Creative,20.9,2,Medium
"Sit, Stay, Love",20.9,3,Medium
Sister Dear,40.2,4,Expensive
"Shrunken Treasures: Literary Classics, Short, Sweet, and Silly",52.87,3,Expensive
"Rich Dad, Poor Dad",51.74,1,Expensive
Raymie Nightingale,34.41,2,Medium
Playing from the Heart,32.38,1,Medium
Nightstruck: A Novel,50.35,4,Expensive
"Naturally Lean: 125 Nourishing Gluten-Free, Plant-Based Recipes--All Under 300 Calories",11.38,5,Cheap
Meternity,43.58,3,Expensive
Memoirs of a Geisha,49.67,3,Expensive
Like Never Before (Walker Family #2),28.77,2,Medium
Life of Pi,13.22,4,Cheap
Leave This Song Behind: Teen Poetry at Its Best,51.17,5,Expensive
King's Folly (The Kinsman Chronicles #1),39.61,5,Medium
John Adams,57.43,4,Expensive
How to Cook Everything Vegetarian: Simple Meatless Recipes for Great Food (How to Cook Everything),46.01,4,Expensive
How to Be a Domestic Goddess: Baking and the Art of Comfort Cooking,28.25,2,Medium
Good in Bed (Cannie Shapiro #1),37.05,5,Medium
"Fruits Basket, Vol. 7 (Fruits Basket #7)",19.57,1,Cheap
For the Love: Fighting for Grace in a World of Impossible Standards,45.13,3,Expensive
Finding God in the Ruins: How God Redeems Pain,46.64,2,Expensive
Every Heart a Doorway (Every Heart A Doorway #1),12.16,5,Cheap
Delivering the Truth (Quaker Midwife Mystery #1),20.89,4,Medium
Counted With the Stars (Out from Egypt #1),17.97,5,Cheap
"Chronicles, Vol. 1",52.6,2,Expensive
Blue Like Jazz: Nonreligious Thoughts on Christian Spirituality,25.77,1,Medium
Benjamin Franklin: An American Life,48.19,3,Expensive
"At The Existentialist CafÃ©: Freedom, Being, and apricot cocktails with: Jean-Paul Sartre, Simone de Beauvoir, Albert Camus, Martin Heidegger, Edmund Husserl, Karl Jaspers, Maurice Merleau-Ponty and others",29.93,5,Medium
A Summer In Europe,44.34,2,Expensive
A Short History of Nearly Everything,52.4,5,Expensive
A Gathering of Shadows (Shades of Magic #2),44.81,4,Expensive
The Sound Of Love,57.84,5,Expensive
The Rise and Fall of the Third Reich: A History of Nazi Germany,39.67,2,Medium
The Perks of Being a Wallflower,55.02,3,Expensive
The Mysterious Affair at Styles (Hercule Poirot #1),24.8,4,Medium
The Man Who Mistook His Wife for a Hat and Other Clinical Tales,59.45,4,Expensive
The Makings of a Fatherless Child,31.58,2,Medium
The Joy of Cooking,43.27,4,Expensive
The Invention of Wings,37.34,1,Medium
The Hobbit (Middle-Earth Universe),17.8,5,Cheap
The Great Railway Bazaar,30.54,1,Medium
The Golden Compass (His Dark Materials #1),18.77,1,Cheap
The God Delusion,46.85,3,Expensive
The Girl You Left Behind (The Girl You Left Behind #1),15.79,1,Cheap
The Fellowship of the Ring (The Lord of the Rings #1),10.27,2,Cheap
The Collected Poems of W.B. Yeats (The Collected Works of W.B. Yeats #1),15.42,5,Cheap
The Barefoot Contessa Cookbook,59.92,5,Expensive
Tell the Wolves I'm Home,50.96,2,Expensive
Ship Leaves Harbor: Essays on Travel by a Recovering Journeyman,30.6,3,Medium
Pride and Prejudice,19.27,4,Cheap
Musicophilia: Tales of Music and the Brain,46.58,1,Expensive
Mere Christianity,48.51,3,Expensive
Me Before You (Me Before You #1),19.02,1,Cheap
In the Woods (Dublin Murder Squad #1),38.38,2,Medium
In Cold Blood,49.98,4,Expensive
How to Stop Worrying and Start Living,46.49,5,Expensive
Give It Back,18.32,2,Cheap
"Girl, Interrupted",42.14,3,Expensive
Fun Home: A Family Tragicomic,56.59,4,Expensive
"Fruits Basket, Vol. 6 (Fruits Basket #6)",20.96,4,Medium
Deception Point,40.32,4,Expensive
"Death Note, Vol. 6: Give-and-Take (Death Note #6)",36.39,3,Medium
Catherine the Great: Portrait of a Woman,58.55,4,Expensive
Better Homes and Gardens New Cook Book,39.61,3,Medium
An Unquiet Mind: A Memoir of Moods and Madness,21.3,3,Medium
A Year in Provence (Provence #1),56.88,4,Expensive
World Without End (The Pillars of the Earth #2),32.97,4,Medium
"Will Grayson, Will Grayson (Will Grayson, Will Grayson)",47.31,4,Expensive
Why Save the Bankers?: And Other Essays on Our Economic and Political Crisis,48.67,2,Expensive
Where She Went (If I Stay #2),41.73,4,Expensive
What If?: Serious Scientific Answers to Absurd Hypothetical Questions,53.68,4,Expensive
Two Summers,14.64,1,Cheap
This Is Your Brain on Music: The Science of a Human Obsession,38.4,1,Medium
The Secret Garden,15.08,4,Cheap
The Raven King (The Raven Cycle #4),30.57,2,Medium
The Raven Boys (The Raven Cycle #1),57.74,4,Expensive
The Power Greens Cookbook: 140 Delicious Superfood Recipes,11.05,5,Cheap
The Metamorphosis,28.58,1,Medium
The Mathews Men: Seven Brothers and the War Against Hitler's U-boats,42.91,5,Expensive
The Little Paris Bookshop,24.73,3,Medium
The Hiding Place,55.91,4,Expensive
The Grand Design,13.76,3,Cheap
The Firm,45.56,3,Expensive
The Fault in Our Stars,47.22,1,Expensive
The False Prince (The Ascendance Trilogy #1),56.0,5,Expensive
The Expatriates,44.58,2,Expensive
The Dream Thieves (The Raven Cycle #2),34.5,1,Medium
The Darkest Corners,11.33,5,Cheap
The Crossover,38.77,4,Medium
The 5th Wave (The 5th Wave #1),11.83,2,Cheap
Tell the Wind and Fire,45.51,3,Expensive
Tell Me Three Things,41.81,1,Expensive
Talking to Girls About Duran Duran: One Young Man's Quest for True Love and a Cooler Haircut,25.15,4,Medium
Siddhartha,34.22,5,Medium
Shiver (The Wolves of Mercy Falls #1),16.23,5,Cheap
Remember Me?,11.48,3,Cheap
Red Dragon (Hannibal Lecter #1),23.37,3,Medium
Peak: Secrets from the New Science of Expertise,16.28,2,Cheap
My Mother Was Nuts,31.63,4,Medium
Mexican Today: New and Rediscovered Recipes for Contemporary Kitchens,24.91,5,Medium
Maybe Something Beautiful: How Art Transformed a Neighborhood,22.54,1,Medium
Lola and the Boy Next Door (Anna and the French Kiss #2),23.63,4,Medium
Logan Kade (Fallen Crest High #5.5),13.12,2,Cheap
Last One Home (New Beginnings #1),59.98,3,Expensive
Killing Floor (Jack Reacher #1),31.49,4,Medium
Kill the Boy Band,15.52,5,Cheap
Isla and the Happily Ever After (Anna and the French Kiss #3),48.13,5,Expensive
If I Stay (If I Stay #1),38.13,5,Medium
I Know Why the Caged Bird Sings (Maya Angelou's Autobiography #1),36.55,2,Medium
Harry Potter and the Deathly Hallows (Harry Potter #7),23.32,1,Medium
"Fruits Basket, Vol. 5 (Fruits Basket #5)",16.33,1,Cheap
Foundation (Foundation (Publication Order) #1),32.42,1,Medium
Fool Me Once,16.96,1,Cheap
Find Her (Detective D.D. Warren #8),22.37,1,Medium
Evicted: Poverty and Profit in the American City,42.27,1,Expensive
Drama,38.7,2,Medium
Dracula the Un-Dead,35.63,5,Medium
Digital Fortress,58.0,5,Expensive
"Death Note, Vol. 5: Whiteout (Death Note #5)",52.41,1,Expensive
"Data, A Love Story: How I Gamed Online Dating to Meet My Match",32.35,3,Medium
Critique of Pure Reason,20.75,1,Medium
Booked,17.49,5,Cheap
"Blue Lily, Lily Blue (The Raven Cycle #3)",34.13,5,Medium
Approval Junkie: Adventures in Caring Too Much,58.81,5,Expensive
An Abundance of Katherines,10.0,5,Cheap
America's War for the Greater Middle East: A Military History,51.22,2,Expensive
Alight (The Generations Trilogy #2),58.59,4,Expensive
A Girl's Guide to Moving On (New Beginnings #2),31.3,1,Medium
A Game of Thrones (A Song of Ice and Fire #1),46.42,2,Expensive
A Feast for Crows (A Song of Ice and Fire #4),17.21,4,Cheap
A Clash of Kings (A Song of Ice and Fire #2),10.79,3,Cheap
Vogue Colors A to Z: A Fashion Coloring Book,52.35,4,Expensive
The Shining (The Shining #1),27.88,3,Medium
The Pilgrim's Progress,50.26,2,Expensive
The Perfect Play (Play by Play #1),59.99,3,Expensive
The Passion of Dolssa,28.32,5,Medium
The Jazz of Physics: The Secret Link Between Music and the Structure of the Universe,38.71,3,Medium
The Hunger Games (The Hunger Games #1),29.85,5,Medium
The Hound of the Baskervilles (Sherlock Holmes #5),14.82,2,Cheap
The Gunning of America: Business and the Making of American Gun Culture,16.81,4,Cheap
The Geography of Bliss: One Grump's Search for the Happiest Places in the World,28.23,2,Medium
The Demonists (Demonist #1),52.11,2,Expensive
"The Demon Prince of Momochi House, Vol. 4 (The Demon Prince of Momochi House #4)",27.88,2,Medium
The Bone Hunters (Lexy Vaughan & Steven Macaulay #2),59.71,3,Expensive
The Beast (Black Dagger Brotherhood #14),46.08,5,Expensive
Some Women,13.73,5,Cheap
Shopaholic Ties the Knot (Shopaholic #3),48.39,5,Expensive
Paper and Fire (The Great Library #2),49.45,5,Expensive
Outlander (Outlander #1),19.67,5,Cheap
"Orchestra of Exiles: The Story of Bronislaw Huberman, the Israel Philharmonic, and the One Thousand Jews He Saved from Nazi Horrors",12.36,3,Cheap
No One Here Gets Out Alive,20.02,5,Medium
Night Shift (Night Shift #1-20),12.75,4,Cheap
Needful Things,47.51,4,Expensive
Mockingjay (The Hunger Games #3),20.44,4,Medium
Misery,34.79,2,Medium
Little Women (Little Women #1),28.07,4,Medium
It,25.01,3,Medium
Harry Potter and the Sorcerer's Stone (Harry Potter #1),13.9,3,Cheap
Harry Potter and the Prisoner of Azkaban (Harry Potter #3),24.17,4,Medium
Harry Potter and the Order of the Phoenix (Harry Potter #5),31.63,4,Medium
Harry Potter and the Half-Blood Prince (Harry Potter #6),48.75,5,Expensive
Harry Potter and the Chamber of Secrets (Harry Potter #2),14.74,1,Cheap
Gone with the Wind,32.49,3,Medium
God Is Not Great: How Religion Poisons Everything,27.8,1,Medium
Girl With a Pearl Earring,26.77,1,Medium
"Fruits Basket, Vol. 4 (Fruits Basket #4)",50.44,4,Expensive
Far From True (Promise Falls Trilogy #2),34.93,2,Medium
Dark Lover (Black Dagger Brotherhood #1),12.87,1,Cheap
Confessions of a Shopaholic (Shopaholic #1),48.94,2,Expensive
Changing the Game (Play by Play #2),13.38,3,Cheap
Candide,58.63,3,Expensive
Can You Keep a Secret?,21.94,1,Medium
Atlas Shrugged,26.58,5,Medium
Animal Farm,57.22,3,Expensive
A Walk to Remember,56.43,1,Expensive
A New Earth: Awakening to Your Life's Purpose,55.65,5,Expensive
"A History of God: The 4,000-Year Quest of Judaism, Christianity, and Islam",27.62,1,Medium
'Salem's Lot,49.56,4,Expensive
Zero History (Blue Ant #3),34.77,1,Medium
Wuthering Heights,17.73,3,Cheap
World War Z: An Oral History of the Zombie War,21.8,1,Medium
Wild: From Lost to Found on the Pacific Crest Trail,46.02,3,Expensive
"Where'd You Go, Bernadette",18.13,1,Cheap
When You Are Engulfed in Flames,30.89,5,Medium
We the People: The Modern-Day Figures Who Have Reshaped and Affirmed the Founding Fathers' Vision of America,31.95,3,Medium
We Are All Completely Beside Ourselves,24.04,1,Medium
Walk the Edge (Thunder Road #2),32.36,3,Medium
Voyager (Outlander #3),21.07,5,Medium
Very Good Lives: The Fringe Benefits of Failure and the Importance of Imagination,50.66,3,Expensive
Vegan Vegetarian Omnivore: Dinner for Everyone at the Table,13.66,2,Cheap
"Unstuffed: Decluttering Your Home, Mind, and Soul",58.09,1,Expensive
Under the Banner of Heaven: A Story of Violent Faith,30.0,1,Medium
Two Boys Kissing,32.74,2,Medium
Twilight (Twilight #1),41.93,2,Expensive
Twenties Girl,42.8,2,Expensive
"Trespassing Across America: One Man's Epic, Never-Done-Before (and Sort of Illegal) Hike Across the Heartland",53.51,1,Expensive
Three-Martini Lunch,23.21,3,Medium
"Thinking, Fast and Slow",21.14,1,Medium
The Wild Robot,56.07,3,Expensive
"The Wicked + The Divine, Vol. 3: Commercial Suicide (The Wicked + The Divine)",14.41,3,Cheap
The Undomestic Goddess,45.75,4,Expensive
The Travelers,15.77,1,Cheap
The Tipping Point: How Little Things Can Make a Big Difference,10.02,2,Cheap
The Thing About Jellyfish,48.77,1,Expensive
The Stand,57.86,2,Expensive
The Smitten Kitchen Cookbook,23.59,1,Medium
The Silkworm (Cormoran Strike #2),23.05,5,Medium
"The Sandman, Vol. 3: Dream Country (The Sandman (volumes) #3)",55.55,5,Expensive
The Rose & the Dagger (The Wrath and the Dawn #2),58.64,4,Expensive
The Road to Little Dribbling: Adventures of an American in Britain (Notes From a Small Island #2),23.21,1,Medium
The Rise of Theodore Roosevelt (Theodore Roosevelt #1),42.57,3,Expensive
The Restaurant at the End of the Universe (Hitchhiker's Guide to the Galaxy #2),10.92,1,Cheap
The Rest Is Noise: Listening to the Twentieth Century,34.77,1,Medium
The Red Tent,35.66,5,Medium
The Purpose Driven Life: What on Earth Am I Here for?,37.19,3,Medium
The Purest Hook (Second Circle Tattoos #3),12.25,1,Cheap
The Picture of Dorian Gray,29.7,2,Medium
The Paris Wife,36.8,3,Medium
The Obsession,45.43,1,Expensive
The Nightingale,26.26,4,Medium
The New Guy (and Other Senior Year Distractions),44.92,3,Expensive
The Nanny Diaries (Nanny #1),52.53,5,Expensive
The Name of God is Mercy,37.25,2,Medium
The Maze Runner (The Maze Runner #1),20.93,1,Medium
The Lover's Dictionary,58.09,2,Expensive
The Lonely Ones,43.59,5,Expensive
The Lean Startup: How Today's Entrepreneurs Use Continuous Innovation to Create Radically Successful Businesses,33.92,3,Medium
The Last Painting of Sara de Vos,55.55,2,Expensive
"The Land of 10,000 Madonnas",29.64,4,Medium
The Infinities,27.41,1,Medium
The Husband's Secret,52.51,5,Expensive
The Hitchhiker's Guide to the Galaxy (Hitchhiker's Guide to the Galaxy #1),47.8,3,Expensive
The Guns of August,14.54,2,Cheap
The Guernsey Literary and Potato Peel Pie Society,49.53,1,Expensive
The Goldfinch,43.58,3,Expensive
The Giver (The Giver Quartet #1),12.3,1,Cheap
The Girl with All the Gifts,49.47,3,Expensive
The Girl Who Played with Fire (Millennium Trilogy #2),22.14,2,Medium
The Girl Who Kicked the Hornet's Nest (Millennium Trilogy #3),57.48,1,Expensive
The Exiled,43.45,3,Expensive
"The End of Faith: Religion, Terror, and the Future of Reason",22.13,4,Medium
"The Elegant Universe: Superstrings, Hidden Dimensions, and the Quest for the Ultimate Theory",13.03,4,Cheap
"The Disappearing Spoon: And Other True Tales of Madness, Love, and the History of the World from the Periodic Table of the Elements",57.35,5,Expensive
The Devil Wears Prada (The Devil Wears Prada #1),44.29,1,Expensive
The Demon-Haunted World: Science as a Candle in the Dark,52.25,4,Expensive
The Day the Crayons Came Home (Crayons),26.33,5,Medium
The Da Vinci Code (Robert Langdon #2),22.96,2,Medium
The Cuckoo's Calling (Cormoran Strike #1),19.21,1,Cheap
The Complete Stories and Poems (The Works of Edgar Allan Poe [Cameo Edition]),26.78,4,Medium
The Complete Poems,41.32,5,Expensive
The Catcher in the Rye,24.55,1,Medium
The Cat in the Hat (Beginner Books B-1),16.26,2,Cheap
The Case for Christ (Cases for Christianity),47.84,1,Expensive
The Book Thief,53.49,2,Expensive
The Book of Basketball: The NBA According to The Sports Guy,44.84,5,Expensive
The Blind Side: Evolution of a Game,53.71,5,Expensive
The Autobiography of Malcolm X,23.43,2,Medium
"The Art of Simple Food: Notes, Lessons, and Recipes from a Delicious Revolution",34.32,3,Medium
The Art of Fielding,22.1,1,Medium
"Surely You're Joking, Mr. Feynman!: Adventures of a Curious Character",25.83,2,Medium
Stiff: The Curious Lives of Human Cadavers,36.74,3,Medium
Spilled Milk: Based on a True Story,49.51,1,Expensive
Something Borrowed (Darcy & Rachel #1),48.96,5,Expensive
Something Blue (Darcy & Rachel #2),54.62,1,Expensive
Soldier (Talon #3),24.72,2,Medium
Shopaholic & Baby (Shopaholic #5),46.45,2,Expensive
Seven Days in the Art World,52.33,2,Expensive
Seven Brief Lessons on Physics,30.6,4,Medium
Scarlet (The Lunar Chronicles #2),14.57,4,Cheap
Sarah's Key,46.29,1,Expensive
"Saga, Volume 3 (Saga (Collected Editions) #3)",21.57,5,Medium
Running with Scissors,12.91,4,Cheap
Rogue Lawyer (Rogue Lawyer #1),50.11,3,Expensive
"Rise of the Rocket Girls: The Women Who Propelled Us, from Missiles to the Moon to Mars",41.67,4,Expensive
Rework,44.88,2,Expensive
Reservations for Two,11.1,3,Cheap
Red: The True Story of Red Riding Hood,28.54,3,Medium
Ready Player One,19.07,4,Cheap
Quiet: The Power of Introverts in a World That Can't Stop Talking,43.55,1,Expensive
Prodigy: The Graphic Novel (Legend: The Graphic Novel #2),43.63,3,Expensive
Persepolis: The Story of a Childhood (Persepolis #1-2),39.13,1,Medium
Packing for Mars: The Curious Science of Life in the Void,56.68,2,Expensive
Outliers: The Story of Success,14.16,1,Cheap
Original Fake,31.45,3,Medium
Orange Is the New Black,24.61,2,Medium
One for the Money (Stephanie Plum #1),32.87,2,Medium
Notes from a Small Island (Notes From a Small Island #1),40.17,1,Expensive
Night (The Night Trilogy #1),13.51,1,Cheap
Neither Here nor There: Travels in Europe,38.95,3,Medium
Naked,31.69,3,Medium
Morning Star (Red Rising #3),29.4,1,Medium
"Miracles from Heaven: A Little Girl, Her Journey to Heaven, and Her Amazing Story of Healing",57.83,1,Expensive
Midnight Riot (Peter Grant/ Rivers of London - books #1),55.46,2,Expensive
Me Talk Pretty One Day,57.6,2,Expensive
Manuscript Found in Accra,34.98,2,Medium
Lust & Wonder,11.87,2,Cheap
Lila (Gilead #3),12.47,3,Cheap
"Life, the Universe and Everything (Hitchhiker's Guide to the Galaxy #3)",33.26,2,Medium
Life Without a Recipe,59.04,5,Expensive
Life After Life,26.13,2,Medium
Letter to a Christian Nation,22.2,1,Medium
Let's Pretend This Never Happened: A Mostly True Memoir,45.11,1,Expensive
Legend (Legend #1),43.69,4,Expensive
"Lean In: Women, Work, and the Will to Lead",25.02,1,Medium
"Lamb: The Gospel According to Biff, Christ's Childhood Pal",55.5,5,Expensive
Lady Renegades (Rebel Belle #3),53.04,5,Expensive
Jurassic Park (Jurassic Park #1),44.97,1,Expensive
It's Never Too Late to Begin Again: Discovering Creativity and Meaning at Midlife and Beyond,42.38,1,Expensive
Is Everyone Hanging Out Without Me? (And Other Concerns),20.11,3,Medium
Into the Wild,56.7,5,Expensive
Inferno (Robert Langdon #4),41.0,5,Expensive
"In the Garden of Beasts: Love, Terror, and an American Family in Hitler's Berlin",28.85,3,Medium
If I Run (If I Run #1),49.97,4,Expensive
I've Got Your Number,19.69,1,Cheap
I Am Malala: The Girl Who Stood Up for Education and Was Shot by the Taliban,28.88,2,Medium
Hungry Girl Clean & Hungry: Easy All-Natural Recipes for Healthy Eating in the Real World,33.14,3,Medium
"House of Lost Worlds: Dinosaurs, Dynasties, and the Story of Life on Earth",43.7,2,Expensive
House of Leaves,54.89,1,Expensive
Horrible Bear!,37.52,2,Medium
Holidays on Ice,51.07,2,Expensive
Heir to the Sky,44.07,4,Expensive
Green Eggs and Ham (Beginner Books B-16),10.79,4,Cheap
"Grayson, Vol 3: Nemesis (Grayson #3)",42.72,1,Expensive
Gratitude,26.66,5,Medium
Gone Girl,37.6,5,Medium
Golden (Heart of Dread #3),42.21,4,Expensive
Girl in the Blue Coat,46.83,2,Expensive
"Fruits Basket, Vol. 3 (Fruits Basket #3)",45.17,2,Expensive
"Friday Night Lights: A Town, a Team, and a Dream",51.22,3,Expensive
Fire Bound (Sea Haven/Sisters of the Heart #5),21.28,4,Medium
Fifty Shades Freed (Fifty Shades #3),15.36,5,Cheap
Fellside,38.62,1,Medium
Extreme Prey (Lucas Davenport #26),25.4,3,Medium
Eragon (The Inheritance Cycle #1),43.87,3,Expensive
Eclipse (Twilight #3),18.74,1,Cheap
Dune (Dune #1),54.86,1,Expensive
Dracula,52.62,3,Expensive
Do Androids Dream of Electric Sheep? (Blade Runner #1),51.48,1,Expensive
Disrupted: My Misadventure in the Start-Up Bubble,15.28,5,Cheap
Dead Wake: The Last Crossing of the Lusitania,39.24,5,Medium
"David and Goliath: Underdogs, Misfits, and the Art of Battling Giants",17.81,1,Cheap
Darkfever (Fever #1),56.02,1,Expensive
Dark Places,23.9,5,Medium
Crazy Rich Asians (Crazy Rich Asians #1),49.13,5,Expensive
Counting Thyme,10.62,1,Cheap
Cosmos,36.17,2,Medium
Civilization and Its Discontents,59.95,2,Expensive
Cinder (The Lunar Chronicles #1),26.09,1,Medium
Catastrophic Happiness: Finding Joy in Childhood's Messy Years,37.35,2,Medium
Career of Evil (Cormoran Strike #3),24.72,2,Medium
Breaking Dawn (Twilight #4),35.28,5,Medium
Brave Enough,51.32,5,Expensive
Boy Meets Boy,21.12,3,Medium
"Born to Run: A Hidden Tribe, Superathletes, and the Greatest Race the World Has Never Seen",27.35,2,Medium
Blink: The Power of Thinking Without Thinking,21.74,5,Medium
Black Flags: The Rise of ISIS,40.87,1,Expensive
"Black Butler, Vol. 1 (Black Butler #1)",49.31,1,Expensive
Big Little Lies,22.11,1,Medium
Between Shades of Gray,20.79,5,Medium
Best of My Love (Fool's Gold #20),27.41,2,Medium
Beowulf,38.35,2,Medium
Beautiful Creatures (Caster Chronicles #1),21.55,5,Medium
Awkward,38.02,2,Medium
Ash,22.06,4,Medium
Are We There Yet?,10.66,3,Cheap
Are We Smart Enough to Know How Smart Animals Are?,56.58,1,Expensive
Annie on My Mind,36.83,5,Medium
And Then There Were None,35.01,2,Medium
A Walk in the Woods: Rediscovering America on the Appalachian Trail,30.48,4,Medium
A Visit from the Goon Squad,14.08,5,Cheap
A Storm of Swords (A Song of Ice and Fire #3),31.22,2,Medium
A Heartbreaking Work of Staggering Genius,54.29,5,Expensive
8 Keys to Mental Health Through Exercise,31.04,1,Medium
#GIRLBOSS,50.96,1,Expensive
"The Suffragettes (Little Black Classics, #96)",11.89,2,Cheap
The Sense of an Ending,31.38,3,Medium
"The Sandman, Vol. 2: The Doll's House (The Sandman (volumes) #2)",54.81,1,Expensive
The Course of Love,16.78,3,Cheap
Sugar Rush (Offensive Line #2),24.42,1,Medium
"Saga, Volume 2 (Saga (Collected Editions) #2)",11.75,3,Cheap
"Run, Spot, Run: The Ethics of Keeping Pets",20.02,1,Medium
New Moon (Twilight #2),12.86,4,Cheap
Life,31.58,5,Medium
Kindle Paperwhite User's Guide,34.0,3,Medium
H is for Hawk,57.42,5,Expensive
Girl Online On Tour (Girl Online #2),53.47,1,Expensive
"Fruits Basket, Vol. 2 (Fruits Basket #2)",11.64,5,Cheap
Diary of a Minecraft Zombie Book 1: A Scare of a Dare (An Unofficial Minecraft Book),52.88,4,Expensive
"Y: The Last Man, Vol. 1: Unmanned (Y: The Last Man #1)",18.51,4,Cheap
While You Were Mine,41.32,5,Expensive
Where Lightning Strikes (Bleeding Stars #3),39.77,3,Medium
When I'm Gone,51.96,3,Expensive
Ways of Seeing,39.51,5,Medium
"Vampire Knight, Vol. 1 (Vampire Knight #1)",15.4,1,Cheap
Vampire Girl (Vampire Girl #1),53.82,2,Expensive
Twenty Love Poems and a Song of Despair,30.95,4,Medium
Travels with Charley: In Search of America,57.82,5,Expensive
Three Wishes (River of Time: California #1),44.18,2,Expensive
This One Moment (Pushing Limits #1),48.71,1,Expensive
The Zombie Room,19.69,5,Cheap
"The Wicked + The Divine, Vol. 1: The Faust Act (The Wicked + The Divine)",36.52,2,Medium
The Tumor,41.56,5,Expensive
The Story of Hong Gildong,43.19,4,Expensive
The Silent Wife,12.34,5,Cheap
The Silent Twin (Detective Jennifer Knight #3),36.25,3,Medium
The Selfish Gene,29.45,1,Medium
The Secret Healer,34.56,3,Medium
"The Sandman, Vol. 1: Preludes and Nocturnes (The Sandman (volumes) #1)",54.12,3,Expensive
The Republic,33.78,3,Medium
The Odyssey,29.64,3,Medium
The No. 1 Ladies' Detective Agency (No. 1 Ladies' Detective Agency #1),57.7,4,Expensive
The Nicomachean Ethics,36.34,1,Medium
The Name of the Wind (The Kingkiller Chronicle #1),50.59,3,Expensive
The Mirror & the Maze (The Wrath and the Dawn #1.5),29.38,1,Medium
The Little Prince,45.42,2,Expensive
The Light of the Fireflies,54.43,1,Expensive
The Last Girl (The Dominion Trilogy #1),36.26,2,Medium
The Iliad,16.16,1,Cheap
The Hook Up (Game On #1),36.29,5,Medium
The Haters,27.89,5,Medium
The Girl You Lost,12.29,5,Cheap
The Girl In The Ice (DCI Erika Foster #1),15.85,3,Cheap
The End of the Jesus Era (An Investigation #1),14.4,1,Cheap
The Edge of Reason (Bridget Jones #2),19.18,4,Cheap
The Complete Maus (Maus #1-2),10.64,3,Cheap
The Communist Manifesto,14.76,3,Cheap
The Bhagavad Gita,57.49,3,Expensive
The Bette Davis Club,30.66,3,Medium
The Art of Not Breathing,40.83,4,Expensive
Taking Shots (Assassins #1),18.88,2,Cheap
Starlark,25.83,3,Medium
"Skip Beat!, Vol. 01 (Skip Beat! #1)",42.12,3,Expensive
Sister Sable (The Mad Queen #1),13.33,3,Cheap
Shatter Me (Shatter Me #1),42.4,1,Expensive
Shameless,58.35,3,Expensive
Shadow Rites (Jane Yellowrock #10),21.72,4,Medium
Settling the Score (The Summer Games #1),44.91,2,Expensive
Sense and Sensibility,37.46,1,Medium
"Saga, Volume 1 (Saga (Collected Editions) #1)",28.48,1,Medium
"Rhythm, Chord & Malykhin",28.34,2,Medium
"Rat Queens, Vol. 1: Sass & Sorcery (Rat Queens (Collected Editions) #1-5)",46.96,5,Expensive
Paradise Lost (Paradise #1),24.96,1,Medium
"Paper Girls, Vol. 1 (Paper Girls #1-5)",21.71,4,Medium
"Ouran High School Host Club, Vol. 1 (Ouran High School Host Club #1)",29.87,3,Medium
Origins (Alphas 0.5),28.99,1,Medium
One Second (Seven #7),52.94,2,Expensive
On the Road (Duluoz Legend),32.36,3,Medium
Old Records Never Die: One Man's Quest for His Vinyl and His Past,55.66,2,Expensive
Off Sides (Off #1),39.45,5,Medium
Of Mice and Men,47.11,2,Expensive
Myriad (Prentor #1),58.75,4,Expensive
My Perfect Mistake (Over the Top #1),38.92,2,Medium
"Ms. Marvel, Vol. 1: No Normal (Ms. Marvel (2014-2015) #1)",39.39,4,Medium
Meditations,25.89,2,Medium
Matilda,28.34,1,Medium
Lost Among the Living,27.7,4,Medium
Lord of the Flies,24.89,3,Medium
Listen to Me (Fusion #1),58.99,3,Expensive
Kitchens of the Great Midwest,57.2,5,Expensive
Jane Eyre,38.43,5,Medium
Imperfect Harmony,34.74,4,Medium
Icing (Aces Hockey #2),40.44,4,Expensive
"Hawkeye, Vol. 1: My Life as a Weapon (Hawkeye #1)",45.24,3,Expensive
Having the Barbarian's Baby (Ice Planet Barbarians #7.5),34.96,4,Medium
"Giant Days, Vol. 1 (Giant Days #1-4)",56.76,4,Expensive
"Fruits Basket, Vol. 1 (Fruits Basket #1)",40.28,5,Expensive
Frankenstein,38.0,2,Medium
Forever Rockers (The Rocker #12),28.8,3,Medium
Fighting Fate (Fighting #6),39.24,3,Medium
Emma,32.93,2,Medium
"Eat, Pray, Love",51.32,3,Expensive
Deep Under (Walker Security #1),47.09,5,Expensive
Choosing Our Religion: The Spiritual Lives of America's Nones,28.42,4,Medium
Charlie and the Chocolate Factory (Charlie Bucket #1),22.85,3,Medium
Charity's Cross (Charles Towne Belles #4),41.24,1,Expensive
Bright Lines,39.07,5,Medium
Bridget Jones's Diary (Bridget Jones #1),29.82,1,Medium
Bounty (Colorado Mountain #7),37.26,4,Medium
Blood Defense (Samantha Brinkman #1),20.3,3,Medium
"Bleach, Vol. 1: Strawberry and the Soul Reapers (Bleach #1)",34.65,5,Medium
Beyond Good and Evil,43.38,1,Expensive
Alice in Wonderland (Alice's Adventures in Wonderland #1),55.53,1,Expensive
"Ajin: Demi-Human, Volume 1 (Ajin: Demi-Human #1)",57.06,4,Expensive
A Spy's Devotion (The Regency Spies of London #1),16.97,5,Cheap
1st to Die (Women's Murder Club #1),53.98,1,Expensive
"1,000 Places to See Before You Die",26.08,5,Medium
